{"cameraMode":{"drawMode":0,"name":"Shaded","section":"Shading Mode"},"sceneLighting":false,"audioPlay":false,"sceneViewState":{"m_AlwaysRefresh":false,"showFog":true,"showSkybox":false,"showFlares":true,"showImageEffects":true,"showParticleSystems":true,"showVisualEffectGraphs":true,"m_FxEnabled":true},"in2DMode":false,"pivot":{"x":221.40164184570313,"y":22.59124755859375,"z":110.17184448242188},"rotation":{"x":0.16754692792892457,"y":-0.5588077902793884,"z":0.11647922545671463,"w":0.8038035035133362},"size":73.40853881835938,"orthographic":true}