{"cameraMode":{"drawMode":0,"name":"Shaded","section":"Shading Mode"},"sceneLighting":true,"audioPlay":false,"sceneViewState":{"m_AlwaysRefresh":false,"showFog":true,"showSkybox":true,"showFlares":true,"showImageEffects":true,"showParticleSystems":true,"showVisualEffectGraphs":true,"m_FxEnabled":true},"in2DMode":false,"pivot":{"x":-0.13591241836547852,"y":14.500152587890625,"z":-0.977439284324646},"rotation":{"x":-0.009842930361628533,"y":-0.7544859051704407,"z":-0.011318116448819638,"w":0.6561447978019714},"size":0.8897131681442261,"orthographic":true}