{"cameraMode":{"drawMode":0,"name":"Shaded","section":"Shading Mode"},"sceneLighting":true,"audioPlay":false,"sceneViewState":{"m_AlwaysRefresh":false,"showFog":true,"showSkybox":true,"showFlares":true,"showImageEffects":true,"showParticleSystems":true,"showVisualEffectGraphs":true,"m_FxEnabled":true},"in2DMode":false,"pivot":{"x":410.2054748535156,"y":116.95448303222656,"z":-171.21624755859376},"rotation":{"x":0.0005667141522280872,"y":0.9984874725341797,"z":0.010484498925507069,"w":-0.05397078022360802},"size":339.24383544921877,"orthographic":true}