{"cameraMode":{"drawMode":0,"name":"Shaded","section":"Shading Mode"},"sceneLighting":false,"audioPlay":false,"sceneViewState":{"m_AlwaysRefresh":false,"showFog":true,"showSkybox":false,"showFlares":true,"showImageEffects":true,"showParticleSystems":true,"showVisualEffectGraphs":true,"m_FxEnabled":true},"in2DMode":false,"pivot":{"x":216.21463012695313,"y":73.81968688964844,"z":167.61227416992188},"rotation":{"x":0.10456781089305878,"y":-0.7306374311447144,"z":0.11491283774375916,"w":0.6648575067520142},"size":336.3750915527344,"orthographic":true}